{"count":1,"self":4156.6601216,"total":14612.4887353,"children":{"InitializeActuators":{"count":3,"self":0.0015096999999999999,"total":0.0015096999999999999,"children":null},"InitializeSensors":{"count":3,"self":0.0005019,"total":0.0005019,"children":null},"AgentSendState":{"count":15050190,"self":18.6949504,"total":49.904785,"children":{"CollectObservations":{"count":3010039,"self":5.1593012,"total":5.1593010999999995,"children":null},"WriteActionMask":{"count":3010039,"self":1.2043925,"total":1.2043925,"children":null},"RequestDecision":{"count":3010039,"self":5.8546284,"total":24.8461416,"children":{"AgentInfo.ToProto":{"count":3010039,"self":6.3699775999999995,"total":18.9915132,"children":{"GenerateSensorData":{"count":3010039,"self":12.6215352,"total":12.6215355,"children":null}}}}}}},"DecideAction":{"count":15050190,"self":10377.6239616,"total":10377.6242804,"children":null},"AgentAct":{"count":15050190,"self":28.200051199999997,"total":28.2976709,"children":{"AgentInfo.ToProto":{"count":15244,"self":0.0421819,"total":0.0976204,"children":{"GenerateSensorData":{"count":15244,"self":0.055438499999999995,"total":0.055438499999999995,"children":null}}}}}},"gauges":{"drone_goal.CumulativeReward":{"count":15244,"max":92.14333,"min":-30.0330219,"runningAverage":8.96015,"value":-9.440764,"weightedAverage":12.1997137}},"metadata":{"timer_format_version":"0.1.0","start_time_seconds":"1761057385","unity_version":"6000.2.2f1","command_line_arguments":"C:\\Program Files\\Unity\\Hub\\Editor\\6000.2.2f1\\Editor\\Unity.exe -projectpath C:\\Users\\zecer\\proj\\UAV2\\UAV-Collision-Detection\\UnityEnv -acceptSoftwareTermsForThisRunOnly -useHub -hubIPC -cloudEnvironment production -licensingIpc LicenseClient-zecer -hubSessionId e1366b15-5653-4cf1-9a35-820d1a22647b -accessToken rw1N2JR2Ymy2Wm8ugBmkjT_I45IibP2fEKTow2n3r-g002f","communication_protocol_version":"1.5.0","com.unity.ml-agents_version":"2.0.1","scene_name":"Neighbourhood Pack Mockup","end_time_seconds":"1761071998"}}