{
    "name": "root",
    "gauges": {
        "DroneAgent.Policy.Entropy.mean": {
            "value": 1.4189385175704956,
            "min": 1.4189385175704956,
            "max": 1.4189385175704956,
            "count": 1
        },
        "DroneAgent.Policy.Entropy.sum": {
            "value": 7174.1533203125,
            "min": 7174.1533203125,
            "max": 7174.1533203125,
            "count": 1
        },
        "DroneAgent.Step.mean": {
            "value": 4928.0,
            "min": 4928.0,
            "max": 4928.0,
            "count": 1
        },
        "DroneAgent.Step.sum": {
            "value": 4928.0,
            "min": 4928.0,
            "max": 4928.0,
            "count": 1
        },
        "DroneAgent.Policy.ExtrinsicValueEstimate.mean": {
            "value": -0.1756320744752884,
            "min": -0.1756320744752884,
            "max": -0.1756320744752884,
            "count": 1
        },
        "DroneAgent.Policy.ExtrinsicValueEstimate.sum": {
            "value": -8.605971336364746,
            "min": -8.605971336364746,
            "max": -8.605971336364746,
            "count": 1
        },
        "DroneAgent.Environment.EpisodeLength.mean": {
            "value": 299.0,
            "min": 299.0,
            "max": 299.0,
            "count": 1
        },
        "DroneAgent.Environment.EpisodeLength.sum": {
            "value": 4784.0,
            "min": 4784.0,
            "max": 4784.0,
            "count": 1
        },
        "DroneAgent.Environment.CumulativeReward.mean": {
            "value": -17.809703186154366,
            "min": -17.809703186154366,
            "max": -17.809703186154366,
            "count": 1
        },
        "DroneAgent.Environment.CumulativeReward.sum": {
            "value": -284.95525097846985,
            "min": -284.95525097846985,
            "max": -284.95525097846985,
            "count": 1
        },
        "DroneAgent.Policy.ExtrinsicReward.mean": {
            "value": -17.809703186154366,
            "min": -17.809703186154366,
            "max": -17.809703186154366,
            "count": 1
        },
        "DroneAgent.Policy.ExtrinsicReward.sum": {
            "value": -284.95525097846985,
            "min": -284.95525097846985,
            "max": -284.95525097846985,
            "count": 1
        },
        "DroneAgent.IsTraining.mean": {
            "value": 1.0,
            "min": 1.0,
            "max": 1.0,
            "count": 1
        },
        "DroneAgent.IsTraining.sum": {
            "value": 1.0,
            "min": 1.0,
            "max": 1.0,
            "count": 1
        }
    },
    "metadata": {
        "timer_format_version": "0.1.0",
        "start_time_seconds": "1759162172",
        "python_version": "3.10.12 | packaged by Anaconda, Inc. | (main, Jul  5 2023, 19:01:18) [MSC v.1916 64 bit (AMD64)]",
        "command_line_arguments": "C:\\Users\\zecer\\anaconda3\\envs\\Capstone\\Scripts\\mlagents-learn config/drone_goal.yaml --run-id=drone_goal_009",
        "mlagents_version": "1.1.0",
        "mlagents_envs_version": "1.1.0",
        "communication_protocol_version": "1.5.0",
        "pytorch_version": "2.2.2+cu121",
        "numpy_version": "1.23.5",
        "end_time_seconds": "1759162264"
    },
    "total": 92.02411830000347,
    "count": 1,
    "self": 0.0037013999972259626,
    "children": {
        "run_training.setup": {
            "total": 0.05611390000558458,
            "count": 1,
            "self": 0.05611390000558458
        },
        "TrainerController.start_learning": {
            "total": 91.96430300000065,
            "count": 1,
            "self": 0.08624070019868668,
            "children": {
                "TrainerController._reset_env": {
                    "total": 26.408349699995597,
                    "count": 1,
                    "self": 26.408349699995597
                },
                "TrainerController.advance": {
                    "total": 65.38483739980438,
                    "count": 5901,
                    "self": 0.08397249973495491,
                    "children": {
                        "env_step": {
                            "total": 64.69393940022564,
                            "count": 5901,
                            "self": 49.09053140071046,
                            "children": {
                                "SubprocessEnvManager._take_step": {
                                    "total": 15.547804199697566,
                                    "count": 5901,
                                    "self": 0.2718503000360215,
                                    "children": {
                                        "TorchPolicy.evaluate": {
                                            "total": 15.275953899661545,
                                            "count": 5901,
                                            "self": 15.275953899661545
                                        }
                                    }
                                },
                                "workers": {
                                    "total": 0.05560379981761798,
                                    "count": 5900,
                                    "self": 0.0,
                                    "children": {
                                        "worker_root": {
                                            "total": 49.30203490087297,
                                            "count": 5900,
                                            "is_parallel": true,
                                            "self": 21.70661500118149,
                                            "children": {
                                                "steps_from_proto": {
                                                    "total": 0.0002395999908912927,
                                                    "count": 1,
                                                    "is_parallel": true,
                                                    "self": 9.91999841062352e-05,
                                                    "children": {
                                                        "_process_rank_one_or_two_observation": {
                                                            "total": 0.00014040000678505749,
                                                            "count": 2,
                                                            "is_parallel": true,
                                                            "self": 0.00014040000678505749
                                                        }
                                                    }
                                                },
                                                "UnityEnvironment.step": {
                                                    "total": 27.595180299700587,
                                                    "count": 5900,
                                                    "is_parallel": true,
                                                    "self": 0.3246472003083909,
                                                    "children": {
                                                        "UnityEnvironment._generate_step_input": {
                                                            "total": 0.26893820028635673,
                                                            "count": 5900,
                                                            "is_parallel": true,
                                                            "self": 0.26893820028635673
                                                        },
                                                        "communicator.exchange": {
                                                            "total": 26.189849099944695,
                                                            "count": 5900,
                                                            "is_parallel": true,